"Data Source","World Development Indicators",

"Last Updated Date","2024-06-28",

"Country Name","Country Code","Indicator Name","Indicator Code","1960","1961","1962","1963","1964","1965","1966","1967","1968","1969","1970","1971","1972","1973","1974","1975","1976","1977","1978","1979","1980","1981","1982","1983","1984","1985","1986","1987","1988","1989","1990","1991","1992","1993","1994","1995","1996","1997","1998","1999","2000","2001","2002","2003","2004","2005","2006","2007","2008","2009","2010","2011","2012","2013","2014","2015","2016","2017","2018","2019","2020","2021","2022","2023",
"Aruba","ABW","Statistical performance indicators (SPI): Overall score (scale 0-100)","IQ.SPI.OVRL","","","","","","","","","","","","","","","","","","","","","","","","","","","","","","","","","","","","","","","","","","","","","","","","","","","","","","","","","","","","","","","","",
"Africa Eastern and Southern","AFE","Statistical performance indicators (SPI): Overall score (scale 0-100)","IQ.SPI.OVRL","","","","","","","","","","","","","","","","","","","","","","","","","","","","","","","","","","","","","","","","","","","","","","","","","","","","","","","","","","","","","","","","",
"Afghanistan","AFG","Statistical performance indicators (SPI): Overall score (scale 0-100)","IQ.SPI.OVRL","","","","","","","","","","","","","","","","","","","","","","","","","","","","","","","","","","","","","","","","","","","","","","","","","","","","","","","","","37.2229166666667","42.5779166666667","49.845","49.75625","54.3966666666667","58.0141666666667","58.0141666666667","",
"Africa Western and Central","AFW","Statistical performance indicators (SPI): Overall score (scale 0-100)","IQ.SPI.OVRL","","","","","","","","","","","","","","","","","","","","","","","","","","","","","","","","","","","","","","","","","","","","","","","","","","","","","","","","","","","","","","","","",
"Angola","AGO","Statistical performance indicators (SPI): Overall score (scale 0-100)","IQ.SPI.OVRL","","","","","","","","","","","","","","","","","","","","","","","","","","","","","","","","","","","","","","","","","","","","","","","","","","","","","","","","","43.7354166666667","46.6895833333333","55.2320833333333","54.9458333333333","58.1633333333333","54.7895833333333","53.4645833333333","",
"Albania","ALB","Statistical performance indicators (SPI): Overall score (scale 0-100)","IQ.SPI.OVRL","","","","","","","","","","","","","","","","","","","","","","","","","","","","","","","","","","","","","","","","","","","","","","","","","","","","","","","","","63.905","67.6583333333333","77.5966666666667","75.3829166666667","82.9841666666667","83.4404166666667","83.41875","",
"Andorra","AND","Statistical performance indicators (SPI): Overall score (scale 0-100)","IQ.SPI.OVRL","","","","","","","","","","","","","","","","","","","","","","","","","","","","","","","","","","","","","","","","","","","","","","","","","","","","","","","","","","","","","","","","",
"Arab World","ARB","Statistical performance indicators (SPI): Overall score (scale 0-100)","IQ.SPI.OVRL","","","","","","","","","","","","","","","","","","","","","","","","","","","","","","","","","","","","","","","","","","","","","","","","","","","","","","","","","","","","","","","","",
"United Arab Emirates","ARE","Statistical performance indicators (SPI): Overall score (scale 0-100)","IQ.SPI.OVRL","","","","","","","","","","","","","","","","","","","","","","","","","","","","","","","","","","","","","","","","","","","","","","","","","","","","","","","","","51.04","58.6766666666667","59.2566666666667","59.6691666666667","66.5008333333333","79.2933333333333","79.545","",
"Argentina","ARG","Statistical performance indicators (SPI): Overall score (scale 0-100)","IQ.SPI.OVRL","","","","","","","","","","","","","","","","","","","","","","","","","","","","","","","","","","","","","","","","","","","","","","","","","","","","","","","","","61.4583333333333","65.0858333333333","65.2729166666667","64.5958333333333","65.2775","71.5679166666667","71.7729166666667","",
"Armenia","ARM","Statistical performance indicators (SPI): Overall score (scale 0-100)","IQ.SPI.OVRL","","","","","","","","","","","","","","","","","","","","","","","","","","","","","","","","","","","","","","","","","","","","","","","","","","","","","","","","","79.0716666666667","81.37625","82.3904166666667","82.2266666666667","82.9383333333333","83.1525","82.7858333333333","",
"American Samoa","ASM","Statistical performance indicators (SPI): Overall score (scale 0-100)","IQ.SPI.OVRL","","","","","","","","","","","","","","","","","","","","","","","","","","","","","","","","","","","","","","","","","","","","","","","","","","","","","","","","","","","","","","","","",
"Antigua and Barbuda","ATG","Statistical performance indicators (SPI): Overall score (scale 0-100)","IQ.SPI.OVRL","","","","","","","","","","","","","","","","","","","","","","","","","","","","","","","","","","","","","","","","","","","","","","","","","","","","","","","","","","","","","44.1420833333333","49.5775","48.1508333333333","",
"Australia","AUS","Statistical performance indicators (SPI): Overall score (scale 0-100)","IQ.SPI.OVRL","","","","","","","","","","","","","","","","","","","","","","","","","","","","","","","","","","","","","","","","","","","","","","","","","","","","","","","","","87.4166666666667","89.0633333333333","88.3641666666667","88.2416666666667","85.7279166666667","89.0045833333333","89.94625","",
"Austria","AUT","Statistical performance indicators (SPI): Overall score (scale 0-100)","IQ.SPI.OVRL","","","","","","","","","","","","","","","","","","","","","","","","","","","","","","","","","","","","","","","","","","","","","","","","","","","","","","","","","87.98875","87.89625","89.505","89.12","89.7791666666667","90.1308333333333","89.9908333333333","",
"Azerbaijan","AZE","Statistical performance indicators (SPI): Overall score (scale 0-100)","IQ.SPI.OVRL","","","","","","","","","","","","","","","","","","","","","","","","","","","","","","","","","","","","","","","","","","","","","","","","","","","","","","","","","53.79875","60.375","68.15625","68.14125","70.8670833333333","73.34375","73.4904166666667","",
"Burundi","BDI","Statistical performance indicators (SPI): Overall score (scale 0-100)","IQ.SPI.OVRL","","","","","","","","","","","","","","","","","","","","","","","","","","","","","","","","","","","","","","","","","","","","","","","","","","","","","","","","","50.135","54.1620833333333","54.4941666666667","50.9133333333333","49.67625","47.5375","50.6641666666667","",
"Belgium","BEL","Statistical performance indicators (SPI): Overall score (scale 0-100)","IQ.SPI.OVRL","","","","","","","","","","","","","","","","","","","","","","","","","","","","","","","","","","","","","","","","","","","","","","","","","","","","","","","","","74.9525","75.5820833333333","82.1875","82.805","81.9483333333333","87.7979166666667","88.9195833333333","",
"Benin","BEN","Statistical performance indicators (SPI): Overall score (scale 0-100)","IQ.SPI.OVRL","","","","","","","","","","","","","","","","","","","","","","","","","","","","","","","","","","","","","","","","","","","","","","","","","","","","","","","","","46.1604166666667","48.6704166666667","50.1295833333333","48.04625","56.3625","62.54125","62.5679166666667","",
"Burkina Faso","BFA","Statistical performance indicators (SPI): Overall score (scale 0-100)","IQ.SPI.OVRL","","","","","","","","","","","","","","","","","","","","","","","","","","","","","","","","","","","","","","","","","","","","","","","","","","","","","","","","","49.1275","51.4158333333333","53.68","53.6233333333333","53.16625","65.4295833333333","64.8329166666667","",
"Bangladesh","BGD","Statistical performance indicators (SPI): Overall score (scale 0-100)","IQ.SPI.OVRL","","","","","","","","","","","","","","","","","","","","","","","","","","","","","","","","","","","","","","","","","","","","","","","","","","","","","","","","","56.8175","59.2620833333333","59.0208333333333","58.07","61.8029166666667","68.7329166666667","69.7445833333333","",
"Bulgaria","BGR","Statistical performance indicators (SPI): Overall score (scale 0-100)","IQ.SPI.OVRL","","","","","","","","","","","","","","","","","","","","","","","","","","","","","","","","","","","","","","","","","","","","","","","","","","","","","","","","","75.01375","76.75125","82.6683333333334","82.3233333333334","83.0529166666667","83.97625","83.8795833333334","",
"Bahrain","BHR","Statistical performance indicators (SPI): Overall score (scale 0-100)","IQ.SPI.OVRL","","","","","","","","","","","","","","","","","","","","","","","","","","","","","","","","","","","","","","","","","","","","","","","","","","","","","","","","","44.68875","46.9983333333333","52.8175","54.4666666666667","60.0125","59.6533333333333","59.3666666666667","",
"Bahamas, The","BHS","Statistical performance indicators (SPI): Overall score (scale 0-100)","IQ.SPI.OVRL","","","","","","","","","","","","","","","","","","","","","","","","","","","","","","","","","","","","","","","","","","","","","","","","","","","","","","","","","40.3720833333333","42.3733333333333","52.5958333333333","50.1241666666667","48.1433333333333","53.4879166666667","54.1279166666667","",
"Bosnia and Herzegovina","BIH","Statistical performance indicators (SPI): Overall score (scale 0-100)","IQ.SPI.OVRL","","","","","","","","","","","","","","","","","","","","","","","","","","","","","","","","","","","","","","","","","","","","","","","","","","","","","","","","","54.7070833333333","55.2020833333333","61.23","61.2375","65.0470833333333","70.86","70.615","",
"Belarus","BLR","Statistical performance indicators (SPI): Overall score (scale 0-100)","IQ.SPI.OVRL","","","","","","","","","","","","","","","","","","","","","","","","","","","","","","","","","","","","","","","","","","","","","","","","","","","","","","","","","65.7479166666667","65.4233333333333","75.4570833333333","77.1345833333334","81.3129166666667","86.1270833333333","86.6554166666667","",
"Belize","BLZ","Statistical performance indicators (SPI): Overall score (scale 0-100)","IQ.SPI.OVRL","","","","","","","","","","","","","","","","","","","","","","","","","","","","","","","","","","","","","","","","","","","","","","","","","","","","","","","","","47.7158333333333","51.70125","58.5029166666667","58.7554166666667","59.0170833333333","61.6266666666667","61.8566666666667","",
"Bermuda","BMU","Statistical performance indicators (SPI): Overall score (scale 0-100)","IQ.SPI.OVRL","","","","","","","","","","","","","","","","","","","","","","","","","","","","","","","","","","","","","","","","","","","","","","","","","","","","","","","","","","","","","","","","",
"Bolivia","BOL","Statistical performance indicators (SPI): Overall score (scale 0-100)","IQ.SPI.OVRL","","","","","","","","","","","","","","","","","","","","","","","","","","","","","","","","","","","","","","","","","","","","","","","","","","","","","","","","","57.4441666666667","60.7525","62.0725","62.65625","64.7004166666667","70.8095833333333","71.1929166666667","",
"Brazil","BRA","Statistical performance indicators (SPI): Overall score (scale 0-100)","IQ.SPI.OVRL","","","","","","","","","","","","","","","","","","","","","","","","","","","","","","","","","","","","","","","","","","","","","","","","","","","","","","","","","72.9470833333333","72.0833333333333","75.45","76.75375","78.3375","80.3795833333333","80.5245833333333","",
"Barbados","BRB","Statistical performance indicators (SPI): Overall score (scale 0-100)","IQ.SPI.OVRL","","","","","","","","","","","","","","","","","","","","","","","","","","","","","","","","","","","","","","","","","","","","","","","","","","","","","","","","","","","","","","","64.6275","",
"Brunei Darussalam","BRN","Statistical performance indicators (SPI): Overall score (scale 0-100)","IQ.SPI.OVRL","","","","","","","","","","","","","","","","","","","","","","","","","","","","","","","","","","","","","","","","","","","","","","","","","","","","","","","","","","","","","60.86","64.055","64.395","",
"Bhutan","BTN","Statistical performance indicators (SPI): Overall score (scale 0-100)","IQ.SPI.OVRL","","","","","","","","","","","","","","","","","","","","","","","","","","","","","","","","","","","","","","","","","","","","","","","","","","","","","","","","","47.1679166666667","52.355","52.2454166666667","51.99125","50.8916666666667","58.9204166666667","59.5870833333333","",
"Botswana","BWA","Statistical performance indicators (SPI): Overall score (scale 0-100)","IQ.SPI.OVRL","","","","","","","","","","","","","","","","","","","","","","","","","","","","","","","","","","","","","","","","","","","","","","","","","","","","","","","","","45.92125","56.865","56.4804166666667","57.3491666666667","60.5066666666667","61.3716666666667","61.1933333333333","",
"Central African Republic","CAF","Statistical performance indicators (SPI): Overall score (scale 0-100)","IQ.SPI.OVRL","","","","","","","","","","","","","","","","","","","","","","","","","","","","","","","","","","","","","","","","","","","","","","","","","","","","","","","","","","","","","","","42.615","",
"Canada","CAN","Statistical performance indicators (SPI): Overall score (scale 0-100)","IQ.SPI.OVRL","","","","","","","","","","","","","","","","","","","","","","","","","","","","","","","","","","","","","","","","","","","","","","","","","","","","","","","","","86.2795833333333","86.44875","86.5708333333333","87.4658333333333","87.4366666666667","93.4208333333333","92.9225","",
"Central Europe and the Baltics","CEB","Statistical performance indicators (SPI): Overall score (scale 0-100)","IQ.SPI.OVRL","","","","","","","","","","","","","","","","","","","","","","","","","","","","","","","","","","","","","","","","","","","","","","","","","","","","","","","","","","","","","","","","",
"Switzerland","CHE","Statistical performance indicators (SPI): Overall score (scale 0-100)","IQ.SPI.OVRL","","","","","","","","","","","","","","","","","","","","","","","","","","","","","","","","","","","","","","","","","","","","","","","","","","","","","","","","","86.0579166666667","86.9233333333333","88.2558333333333","87.015","87.9233333333333","89.5533333333333","88.7966666666667","",
"Channel Islands","CHI","Statistical performance indicators (SPI): Overall score (scale 0-100)","IQ.SPI.OVRL","","","","","","","","","","","","","","","","","","","","","","","","","","","","","","","","","","","","","","","","","","","","","","","","","","","","","","","","","","","","","","","","",
"Chile","CHL","Statistical performance indicators (SPI): Overall score (scale 0-100)","IQ.SPI.OVRL","","","","","","","","","","","","","","","","","","","","","","","","","","","","","","","","","","","","","","","","","","","","","","","","","","","","","","","","","79.68125","78.9216666666667","80.5045833333333","82.4370833333333","82.6420833333333","85.60875","87.44375","",
"China","CHN","Statistical performance indicators (SPI): Overall score (scale 0-100)","IQ.SPI.OVRL","","","","","","","","","","","","","","","","","","","","","","","","","","","","","","","","","","","","","","","","","","","","","","","","","","","","","","","","","53.63625","55.1675","55.53625","58.2183333333333","57.8075","59.31875","59.59875","",
"Cote d'Ivoire","CIV","Statistical performance indicators (SPI): Overall score (scale 0-100)","IQ.SPI.OVRL","","","","","","","","","","","","","","","","","","","","","","","","","","","","","","","","","","","","","","","","","","","","","","","","","","","","","","","","","50.5866666666667","56.155","57.2783333333333","56.1083333333333","61.4691666666667","64.0191666666667","62.2408333333333","",
"Cameroon","CMR","Statistical performance indicators (SPI): Overall score (scale 0-100)","IQ.SPI.OVRL","","","","","","","","","","","","","","","","","","","","","","","","","","","","","","","","","","","","","","","","","","","","","","","","","","","","","","","","","52.9966666666667","57.04","57.3983333333333","53.4766666666667","55.15","52.8604166666667","54.5004166666667","",
"Congo, Dem. Rep.","COD","Statistical performance indicators (SPI): Overall score (scale 0-100)","IQ.SPI.OVRL","","","","","","","","","","","","","","","","","","","","","","","","","","","","","","","","","","","","","","","","","","","","","","","","","","","","","","","","","","32.79125","40.28625","33.7533333333333","46.1670833333333","52.4233333333333","51.0866666666667","",
"Congo, Rep.","COG","Statistical performance indicators (SPI): Overall score (scale 0-100)","IQ.SPI.OVRL","","","","","","","","","","","","","","","","","","","","","","","","","","","","","","","","","","","","","","","","","","","","","","","","","","","","","","","","","42.6720833333333","37.6283333333333","36.6616666666667","36.5766666666667","39.23625","37.4554166666667","37.4554166666667","",
"Colombia","COL","Statistical performance indicators (SPI): Overall score (scale 0-100)","IQ.SPI.OVRL","","","","","","","","","","","","","","","","","","","","","","","","","","","","","","","","","","","","","","","","","","","","","","","","","","","","","","","","","71.59","71.6525","71.1120833333333","73.7654166666667","74.0683333333333","86.4175","85.8991666666667","",
"Comoros","COM","Statistical performance indicators (SPI): Overall score (scale 0-100)","IQ.SPI.OVRL","","","","","","","","","","","","","","","","","","","","","","","","","","","","","","","","","","","","","","","","","","","","","","","","","","","","","","","","","","","","","","","","",
"Cabo Verde","CPV","Statistical performance indicators (SPI): Overall score (scale 0-100)","IQ.SPI.OVRL","","","","","","","","","","","","","","","","","","","","","","","","","","","","","","","","","","","","","","","","","","","","","","","","","","","","","","","","","52.6725","55.24375","54.55625","54.66875","60.77125","66.5516666666667","65.6933333333333","",
"Costa Rica","CRI","Statistical performance indicators (SPI): Overall score (scale 0-100)","IQ.SPI.OVRL","","","","","","","","","","","","","","","","","","","","","","","","","","","","","","","","","","","","","","","","","","","","","","","","","","","","","","","","","72.03625","77.9166666666667","76.6891666666667","79.7779166666667","83.32625","90.0041666666667","89.9241666666667","",
"Caribbean small states","CSS","Statistical performance indicators (SPI): Overall score (scale 0-100)","IQ.SPI.OVRL","","","","","","","","","","","","","","","","","","","","","","","","","","","","","","","","","","","","","","","","","","","","","","","","","","","","","","","","","","","","","","","","",
"Cuba","CUB","Statistical performance indicators (SPI): Overall score (scale 0-100)","IQ.SPI.OVRL","","","","","","","","","","","","","","","","","","","","","","","","","","","","","","","","","","","","","","","","","","","","","","","","","","","","","","","","","","","","","","","","",
"Curacao","CUW","Statistical performance indicators (SPI): Overall score (scale 0-100)","IQ.SPI.OVRL","","","","","","","","","","","","","","","","","","","","","","","","","","","","","","","","","","","","","","","","","","","","","","","","","","","","","","","","","","","","","","","","",
"Cayman Islands","CYM","Statistical performance indicators (SPI): Overall score (scale 0-100)","IQ.SPI.OVRL","","","","","","","","","","","","","","","","","","","","","","","","","","","","","","","","","","","","","","","","","","","","","","","","","","","","","","","","","","","","","","","","",
"Cyprus","CYP","Statistical performance indicators (SPI): Overall score (scale 0-100)","IQ.SPI.OVRL","","","","","","","","","","","","","","","","","","","","","","","","","","","","","","","","","","","","","","","","","","","","","","","","","","","","","","","","","71.3479166666667","71.6475","80.7175","80.78125","81.955","85.73375","85.0554166666667","",
"Czechia","CZE","Statistical performance indicators (SPI): Overall score (scale 0-100)","IQ.SPI.OVRL","","","","","","","","","","","","","","","","","","","","","","","","","","","","","","","","","","","","","","","","","","","","","","","","","","","","","","","","","78.0025","78.47125","85.2158333333333","85.0608333333333","87.5620833333333","91.1779166666667","90.8745833333333","",
"Germany","DEU","Statistical performance indicators (SPI): Overall score (scale 0-100)","IQ.SPI.OVRL","","","","","","","","","","","","","","","","","","","","","","","","","","","","","","","","","","","","","","","","","","","","","","","","","","","","","","","","","84.9066666666667","85.5679166666667","87.4416666666667","87.4979166666667","87.47625","90.9758333333333","90.9875","",
"Djibouti","DJI","Statistical performance indicators (SPI): Overall score (scale 0-100)","IQ.SPI.OVRL","","","","","","","","","","","","","","","","","","","","","","","","","","","","","","","","","","","","","","","","","","","","","","","","","","","","","","","","","25.6304166666667","29.54","37.1016666666667","36.60625","40.7904166666667","46.7020833333333","46.5504166666667","",
"Dominica","DMA","Statistical performance indicators (SPI): Overall score (scale 0-100)","IQ.SPI.OVRL","","","","","","","","","","","","","","","","","","","","","","","","","","","","","","","","","","","","","","","","","","","","","","","","","","","","","","","","","","","","","44.5395833333333","46.2170833333333","44.1920833333333","",
"Denmark","DNK","Statistical performance indicators (SPI): Overall score (scale 0-100)","IQ.SPI.OVRL","","","","","","","","","","","","","","","","","","","","","","","","","","","","","","","","","","","","","","","","","","","","","","","","","","","","","","","","","77.6383333333333","79.1179166666667","86.7645833333333","86.5420833333333","87.1191666666667","91.58125","91.61125","",
"Dominican Republic","DOM","Statistical performance indicators (SPI): Overall score (scale 0-100)","IQ.SPI.OVRL","","","","","","","","","","","","","","","","","","","","","","","","","","","","","","","","","","","","","","","","","","","","","","","","","","","","","","","","","60.835","63.4083333333333","61.1216666666667","64.1645833333333","64.2825","69.6895833333333","72.42125","",
"Algeria","DZA","Statistical performance indicators (SPI): Overall score (scale 0-100)","IQ.SPI.OVRL","","","","","","","","","","","","","","","","","","","","","","","","","","","","","","","","","","","","","","","","","","","","","","","","","","","","","","","","","41.5570833333333","45.70125","52.745","55.1491666666667","53.40625","63.9708333333333","63.1608333333333","",
"East Asia & Pacific (excluding high income)","EAP","Statistical performance indicators (SPI): Overall score (scale 0-100)","IQ.SPI.OVRL","","","","","","","","","","","","","","","","","","","","","","","","","","","","","","","","","","","","","","","","","","","","","","","","","","","","","","","","","","","","","","","","",
"Early-demographic dividend","EAR","Statistical performance indicators (SPI): Overall score (scale 0-100)","IQ.SPI.OVRL","","","","","","","","","","","","","","","","","","","","","","","","","","","","","","","","","","","","","","","","","","","","","","","","","","","","","","","","","","","","","","","","",
"East Asia & Pacific","EAS","Statistical performance indicators (SPI): Overall score (scale 0-100)","IQ.SPI.OVRL","","","","","","","","","","","","","","","","","","","","","","","","","","","","","","","","","","","","","","","","","","","","","","","","","","","","","","","","","","","","","","","","",
"Europe & Central Asia (excluding high income)","ECA","Statistical performance indicators (SPI): Overall score (scale 0-100)","IQ.SPI.OVRL","","","","","","","","","","","","","","","","","","","","","","","","","","","","","","","","","","","","","","","","","","","","","","","","","","","","","","","","","","","","","","","","",
"Europe & Central Asia","ECS","Statistical performance indicators (SPI): Overall score (scale 0-100)","IQ.SPI.OVRL","","","","","","","","","","","","","","","","","","","","","","","","","","","","","","","","","","","","","","","","","","","","","","","","","","","","","","","","","","","","","","","","",
"Ecuador","ECU","Statistical performance indicators (SPI): Overall score (scale 0-100)","IQ.SPI.OVRL","","","","","","","","","","","","","","","","","","","","","","","","","","","","","","","","","","","","","","","","","","","","","","","","","","","","","","","","","70.8729166666667","71.5370833333333","73.41375","72.95","75.7041666666667","79.2433333333333","79.15","",
"Egypt, Arab Rep.","EGY","Statistical performance indicators (SPI): Overall score (scale 0-100)","IQ.SPI.OVRL","","","","","","","","","","","","","","","","","","","","","","","","","","","","","","","","","","","","","","","","","","","","","","","","","","","","","","","","","75.9395833333333","74.4120833333333","74.545","74.0708333333333","76.8458333333333","79.9770833333333","79.6004166666667","",
"Euro area","EMU","Statistical performance indicators (SPI): Overall score (scale 0-100)","IQ.SPI.OVRL","","","","","","","","","","","","","","","","","","","","","","","","","","","","","","","","","","","","","","","","","","","","","","","","","","","","","","","","","","","","","","","","",
"Eritrea","ERI","Statistical performance indicators (SPI): Overall score (scale 0-100)","IQ.SPI.OVRL","","","","","","","","","","","","","","","","","","","","","","","","","","","","","","","","","","","","","","","","","","","","","","","","","","","","","","","","","","","","","","","","",
"Spain","ESP","Statistical performance indicators (SPI): Overall score (scale 0-100)","IQ.SPI.OVRL","","","","","","","","","","","","","","","","","","","","","","","","","","","","","","","","","","","","","","","","","","","","","","","","","","","","","","","","","86.0908333333333","86.7870833333333","87.8454166666667","88.8541666666667","86.7704166666667","90.7008333333333","91.4075","",
"Estonia","EST","Statistical performance indicators (SPI): Overall score (scale 0-100)","IQ.SPI.OVRL","","","","","","","","","","","","","","","","","","","","","","","","","","","","","","","","","","","","","","","","","","","","","","","","","","","","","","","","","80.5945833333333","80.1879166666667","86.755","86.07375","84.54625","88.0358333333333","89.5525","",
"Ethiopia","ETH","Statistical performance indicators (SPI): Overall score (scale 0-100)","IQ.SPI.OVRL","","","","","","","","","","","","","","","","","","","","","","","","","","","","","","","","","","","","","","","","","","","","","","","","","","","","","","","","","50.8154166666667","55.53875","53.5929166666667","53.5991666666667","50.48375","59.0004166666667","61.09375","",
"European Union","EUU","Statistical performance indicators (SPI): Overall score (scale 0-100)","IQ.SPI.OVRL","","","","","","","","","","","","","","","","","","","","","","","","","","","","","","","","","","","","","","","","","","","","","","","","","","","","","","","","","","","","","","","","",
"Fragile and conflict affected situations","FCS","Statistical performance indicators (SPI): Overall score (scale 0-100)","IQ.SPI.OVRL","","","","","","","","","","","","","","","","","","","","","","","","","","","","","","","","","","","","","","","","","","","","","","","","","","","","","","","","","","","","","","","","",
"Finland","FIN","Statistical performance indicators (SPI): Overall score (scale 0-100)","IQ.SPI.OVRL","","","","","","","","","","","","","","","","","","","","","","","","","","","","","","","","","","","","","","","","","","","","","","","","","","","","","","","","","87.46125","88.5458333333333","88.7475","88.5075","90.1208333333333","93.4741666666667","93.6358333333333","",
"Fiji","FJI","Statistical performance indicators (SPI): Overall score (scale 0-100)","IQ.SPI.OVRL","","","","","","","","","","","","","","","","","","","","","","","","","","","","","","","","","","","","","","","","","","","","","","","","","","","","","","","","","54.48625","58.9983333333333","58.14125","57.6008333333333","56.6154166666667","63.0670833333333","63.1670833333333","",
"France","FRA","Statistical performance indicators (SPI): Overall score (scale 0-100)","IQ.SPI.OVRL","","","","","","","","","","","","","","","","","","","","","","","","","","","","","","","","","","","","","","","","","","","","","","","","","","","","","","","","","84.8804166666667","86.5266666666667","86.8220833333333","86.5633333333333","87.2166666666667","89.9475","90.7841666666667","",
"Faroe Islands","FRO","Statistical performance indicators (SPI): Overall score (scale 0-100)","IQ.SPI.OVRL","","","","","","","","","","","","","","","","","","","","","","","","","","","","","","","","","","","","","","","","","","","","","","","","","","","","","","","","","","","","","","","","",
"Micronesia, Fed. Sts.","FSM","Statistical performance indicators (SPI): Overall score (scale 0-100)","IQ.SPI.OVRL","","","","","","","","","","","","","","","","","","","","","","","","","","","","","","","","","","","","","","","","","","","","","","","","","","","","","","","","","21.4858333333333","23.9979166666667","24.4558333333333","23.8195833333333","36.3104166666667","36.1558333333333","35.2975","",
"Gabon","GAB","Statistical performance indicators (SPI): Overall score (scale 0-100)","IQ.SPI.OVRL","","","","","","","","","","","","","","","","","","","","","","","","","","","","","","","","","","","","","","","","","","","","","","","","","","","","","","","","","23.19875","27.9983333333333","27.5720833333333","28.0545833333333","30.42875","41.86625","42.8245833333333","",
"United Kingdom","GBR","Statistical performance indicators (SPI): Overall score (scale 0-100)","IQ.SPI.OVRL","","","","","","","","","","","","","","","","","","","","","","","","","","","","","","","","","","","","","","","","","","","","","","","","","","","","","","","","","82.0566666666667","83.1716666666667","83.5195833333333","83.3683333333333","83.55","87.1983333333333","87.145","",
"Georgia","GEO","Statistical performance indicators (SPI): Overall score (scale 0-100)","IQ.SPI.OVRL","","","","","","","","","","","","","","","","","","","","","","","","","","","","","","","","","","","","","","","","","","","","","","","","","","","","","","","","","73.7083333333333","76.9133333333333","75.44625","80.0604166666667","86.49625","90.3691666666667","90.6658333333333","",
"Ghana","GHA","Statistical performance indicators (SPI): Overall score (scale 0-100)","IQ.SPI.OVRL","","","","","","","","","","","","","","","","","","","","","","","","","","","","","","","","","","","","","","","","","","","","","","","","","","","","","","","","","56.8391666666667","60.1670833333333","60.1733333333333","61.9958333333333","61.29625","64.14125","64.2395833333333","",
"Gibraltar","GIB","Statistical performance indicators (SPI): Overall score (scale 0-100)","IQ.SPI.OVRL","","","","","","","","","","","","","","","","","","","","","","","","","","","","","","","","","","","","","","","","","","","","","","","","","","","","","","","","","","","","","","","","",
"Guinea","GIN","Statistical performance indicators (SPI): Overall score (scale 0-100)","IQ.SPI.OVRL","","","","","","","","","","","","","","","","","","","","","","","","","","","","","","","","","","","","","","","","","","","","","","","","","","","","","","","","","39.8654166666667","41.8241666666667","39.9679166666667","45.8754166666667","49.4475","57.8525","57.9025","",
"Gambia, The","GMB","Statistical performance indicators (SPI): Overall score (scale 0-100)","IQ.SPI.OVRL","","","","","","","","","","","","","","","","","","","","","","","","","","","","","","","","","","","","","","","","","","","","","","","","","","","","","","","","","43.5220833333333","47.3829166666667","48.8541666666667","44.23375","47.45375","65.3791666666667","64.4391666666667","",
"Guinea-Bissau","GNB","Statistical performance indicators (SPI): Overall score (scale 0-100)","IQ.SPI.OVRL","","","","","","","","","","","","","","","","","","","","","","","","","","","","","","","","","","","","","","","","","","","","","","","","","","","","","","","","","32.3475","41.075","41.6866666666667","33.4025","31.9029166666667","37.3091666666667","39.9891666666667","",
"Equatorial Guinea","GNQ","Statistical performance indicators (SPI): Overall score (scale 0-100)","IQ.SPI.OVRL","","","","","","","","","","","","","","","","","","","","","","","","","","","","","","","","","","","","","","","","","","","","","","","","","","","","","","","","","","","","","33.9470833333333","38.9658333333333","39.0141666666667","",
"Greece","GRC","Statistical performance indicators (SPI): Overall score (scale 0-100)","IQ.SPI.OVRL","","","","","","","","","","","","","","","","","","","","","","","","","","","","","","","","","","","","","","","","","","","","","","","","","","","","","","","","","82.5491666666667","83.86875","84.4470833333333","85.3608333333333","85.44875","89.0804166666667","88.7454166666667","",
"Grenada","GRD","Statistical performance indicators (SPI): Overall score (scale 0-100)","IQ.SPI.OVRL","","","","","","","","","","","","","","","","","","","","","","","","","","","","","","","","","","","","","","","","","","","","","","","","","","","","","","","","","","","","","","","41.1416666666667","",
"Greenland","GRL","Statistical performance indicators (SPI): Overall score (scale 0-100)","IQ.SPI.OVRL","","","","","","","","","","","","","","","","","","","","","","","","","","","","","","","","","","","","","","","","","","","","","","","","","","","","","","","","","","","","","","","","",
"Guatemala","GTM","Statistical performance indicators (SPI): Overall score (scale 0-100)","IQ.SPI.OVRL","","","","","","","","","","","","","","","","","","","","","","","","","","","","","","","","","","","","","","","","","","","","","","","","","","","","","","","","","59.0166666666667","62.3233333333333","62.4625","61.0329166666667","68.2616666666667","72.2008333333333","71.9908333333333","",
"Guam","GUM","Statistical performance indicators (SPI): Overall score (scale 0-100)","IQ.SPI.OVRL","","","","","","","","","","","","","","","","","","","","","","","","","","","","","","","","","","","","","","","","","","","","","","","","","","","","","","","","","","","","","","","","",
"Guyana","GUY","Statistical performance indicators (SPI): Overall score (scale 0-100)","IQ.SPI.OVRL","","","","","","","","","","","","","","","","","","","","","","","","","","","","","","","","","","","","","","","","","","","","","","","","","","","","","","","","","35.5566666666667","32.7125","42.4708333333333","41.4895833333333","51.84375","56.3075","56.4508333333333","",
"High income","HIC","Statistical performance indicators (SPI): Overall score (scale 0-100)","IQ.SPI.OVRL","","","","","","","","","","","","","","","","","","","","","","","","","","","","","","","","","","","","","","","","","","","","","","","","","","","","","","","","","","","","","","","","",
"Hong Kong SAR, China","HKG","Statistical performance indicators (SPI): Overall score (scale 0-100)","IQ.SPI.OVRL","","","","","","","","","","","","","","","","","","","","","","","","","","","","","","","","","","","","","","","","","","","","","","","","","","","","","","","","","","","","","","","","",
"Honduras","HND","Statistical performance indicators (SPI): Overall score (scale 0-100)","IQ.SPI.OVRL","","","","","","","","","","","","","","","","","","","","","","","","","","","","","","","","","","","","","","","","","","","","","","","","","","","","","","","","","58.21125","60.5429166666667","61.07","61.17625","60.5445833333333","60.4525","60.9508333333334","",
"Heavily indebted poor countries (HIPC)","HPC","Statistical performance indicators (SPI): Overall score (scale 0-100)","IQ.SPI.OVRL","","","","","","","","","","","","","","","","","","","","","","","","","","","","","","","","","","","","","","","","","","","","","","","","","","","","","","","","","","","","","","","","",
"Croatia","HRV","Statistical performance indicators (SPI): Overall score (scale 0-100)","IQ.SPI.OVRL","","","","","","","","","","","","","","","","","","","","","","","","","","","","","","","","","","","","","","","","","","","","","","","","","","","","","","","","","66.4333333333333","61.02","66.5216666666667","68.4541666666667","73.6733333333333","83.3445833333333","83.14625","",
"Haiti","HTI","Statistical performance indicators (SPI): Overall score (scale 0-100)","IQ.SPI.OVRL","","","","","","","","","","","","","","","","","","","","","","","","","","","","","","","","","","","","","","","","","","","","","","","","","","","","","","","","","36.1866666666667","38.335","44.9125","37.51625","39.9220833333333","39.5720833333333","39.5854166666667","",
"Hungary","HUN","Statistical performance indicators (SPI): Overall score (scale 0-100)","IQ.SPI.OVRL","","","","","","","","","","","","","","","","","","","","","","","","","","","","","","","","","","","","","","","","","","","","","","","","","","","","","","","","","83.7516666666667","84.5366666666667","84.9666666666667","84.8341666666667","85.76375","89.0970833333333","87.9120833333333","",
"IBRD only","IBD","Statistical performance indicators (SPI): Overall score (scale 0-100)","IQ.SPI.OVRL","","","","","","","","","","","","","","","","","","","","","","","","","","","","","","","","","","","","","","","","","","","","","","","","","","","","","","","","","","","","","","","","",
"IDA & IBRD total","IBT","Statistical performance indicators (SPI): Overall score (scale 0-100)","IQ.SPI.OVRL","","","","","","","","","","","","","","","","","","","","","","","","","","","","","","","","","","","","","","","","","","","","","","","","","","","","","","","","","","","","","","","","",
"IDA total","IDA","Statistical performance indicators (SPI): Overall score (scale 0-100)","IQ.SPI.OVRL","","","","","","","","","","","","","","","","","","","","","","","","","","","","","","","","","","","","","","","","","","","","","","","","","","","","","","","","","","","","","","","","",
"IDA blend","IDB","Statistical performance indicators (SPI): Overall score (scale 0-100)","IQ.SPI.OVRL","","","","","","","","","","","","","","","","","","","","","","","","","","","","","","","","","","","","","","","","","","","","","","","","","","","","","","","","","","","","","","","","",
"Indonesia","IDN","Statistical performance indicators (SPI): Overall score (scale 0-100)","IQ.SPI.OVRL","","","","","","","","","","","","","","","","","","","","","","","","","","","","","","","","","","","","","","","","","","","","","","","","","","","","","","","","","68.5645833333333","70.4541666666667","72.35125","72.2025","74.9220833333333","78.7791666666667","78.9575","",
"IDA only","IDX","Statistical performance indicators (SPI): Overall score (scale 0-100)","IQ.SPI.OVRL","","","","","","","","","","","","","","","","","","","","","","","","","","","","","","","","","","","","","","","","","","","","","","","","","","","","","","","","","","","","","","","","",
"Isle of Man","IMN","Statistical performance indicators (SPI): Overall score (scale 0-100)","IQ.SPI.OVRL","","","","","","","","","","","","","","","","","","","","","","","","","","","","","","","","","","","","","","","","","","","","","","","","","","","","","","","","","","","","","","","","",
"India","IND","Statistical performance indicators (SPI): Overall score (scale 0-100)","IQ.SPI.OVRL","","","","","","","","","","","","","","","","","","","","","","","","","","","","","","","","","","","","","","","","","","","","","","","","","","","","","","","","","67.3854166666667","64.6625","69.0820833333333","70.3670833333333","72.6554166666667","75.2545833333333","74.19625","",
"Not classified","INX","Statistical performance indicators (SPI): Overall score (scale 0-100)","IQ.SPI.OVRL","","","","","","","","","","","","","","","","","","","","","","","","","","","","","","","","","","","","","","","","","","","","","","","","","","","","","","","","","","","","","","","","",
"Ireland","IRL","Statistical performance indicators (SPI): Overall score (scale 0-100)","IQ.SPI.OVRL","","","","","","","","","","","","","","","","","","","","","","","","","","","","","","","","","","","","","","","","","","","","","","","","","","","","","","","","","83.9304166666667","85.6495833333333","86.2975","87.0375","88.7045833333333","91.9816666666667","91.2866666666667","",
"Iran, Islamic Rep.","IRN","Statistical performance indicators (SPI): Overall score (scale 0-100)","IQ.SPI.OVRL","","","","","","","","","","","","","","","","","","","","","","","","","","","","","","","","","","","","","","","","","","","","","","","","","","","","","","","","","45.67875","49.1416666666667","56.9320833333333","56.6883333333333","52.1720833333333","57.71875","58.71875","",
"Iraq","IRQ","Statistical performance indicators (SPI): Overall score (scale 0-100)","IQ.SPI.OVRL","","","","","","","","","","","","","","","","","","","","","","","","","","","","","","","","","","","","","","","","","","","","","","","","","","","","","","","","","38.4608333333333","36.0333333333333","35.4779166666667","34.8016666666667","41.8445833333333","58.19375","56.32875","",
"Iceland","ISL","Statistical performance indicators (SPI): Overall score (scale 0-100)","IQ.SPI.OVRL","","","","","","","","","","","","","","","","","","","","","","","","","","","","","","","","","","","","","","","","","","","","","","","","","","","","","","","","","69.4716666666667","71.7295833333334","78.2945833333333","78.0133333333333","83.2716666666667","86.58625","86.8829166666667","",
"Israel","ISR","Statistical performance indicators (SPI): Overall score (scale 0-100)","IQ.SPI.OVRL","","","","","","","","","","","","","","","","","","","","","","","","","","","","","","","","","","","","","","","","","","","","","","","","","","","","","","","","","74.71","77.3416666666667","77.3533333333333","78.1358333333333","78.7979166666667","81.2475","83.2558333333334","",
"Italy","ITA","Statistical performance indicators (SPI): Overall score (scale 0-100)","IQ.SPI.OVRL","","","","","","","","","","","","","","","","","","","","","","","","","","","","","","","","","","","","","","","","","","","","","","","","","","","","","","","","","90.2908333333333","90.1370833333334","90.1845833333333","89.8658333333333","89.6233333333333","91.6525","91.8941666666667","",
"Jamaica","JAM","Statistical performance indicators (SPI): Overall score (scale 0-100)","IQ.SPI.OVRL","","","","","","","","","","","","","","","","","","","","","","","","","","","","","","","","","","","","","","","","","","","","","","","","","","","","","","","","","50.6954166666667","49.7558333333333","55.3204166666667","54.6429166666667","56.4416666666667","63.2358333333333","61.6391666666667","",
"Jordan","JOR","Statistical performance indicators (SPI): Overall score (scale 0-100)","IQ.SPI.OVRL","","","","","","","","","","","","","","","","","","","","","","","","","","","","","","","","","","","","","","","","","","","","","","","","","","","","","","","","","58.6825","58.1720833333333","58.7166666666667","62.0104166666667","72.3141666666667","76.3116666666667","78.165","",
"Japan","JPN","Statistical performance indicators (SPI): Overall score (scale 0-100)","IQ.SPI.OVRL","","","","","","","","","","","","","","","","","","","","","","","","","","","","","","","","","","","","","","","","","","","","","","","","","","","","","","","","","75.115","76.7166666666667","85.3591666666667","85.8091666666667","88.4266666666667","90.2045833333333","89.8729166666667","",
"Kazakhstan","KAZ","Statistical performance indicators (SPI): Overall score (scale 0-100)","IQ.SPI.OVRL","","","","","","","","","","","","","","","","","","","","","","","","","","","","","","","","","","","","","","","","","","","","","","","","","","","","","","","","","71.00625","72.1141666666667","78.9316666666667","78.5591666666667","81.0116666666667","78.3191666666667","78.1908333333333","",
"Kenya","KEN","Statistical performance indicators (SPI): Overall score (scale 0-100)","IQ.SPI.OVRL","","","","","","","","","","","","","","","","","","","","","","","","","","","","","","","","","","","","","","","","","","","","","","","","","","","","","","","","","55.9166666666667","57.3279166666667","54.9629166666667","54.5379166666667","53.8158333333333","66.0616666666667","66.3133333333333","",
"Kyrgyz Republic","KGZ","Statistical performance indicators (SPI): Overall score (scale 0-100)","IQ.SPI.OVRL","","","","","","","","","","","","","","","","","","","","","","","","","","","","","","","","","","","","","","","","","","","","","","","","","","","","","","","","","78.5908333333333","77.6279166666667","75.82125","78.6325","80.675","80.4541666666667","81.4558333333333","",
"Cambodia","KHM","Statistical performance indicators (SPI): Overall score (scale 0-100)","IQ.SPI.OVRL","","","","","","","","","","","","","","","","","","","","","","","","","","","","","","","","","","","","","","","","","","","","","","","","","","","","","","","","","56.4629166666667","57.5395833333333","56.51","56.2025","58.1004166666667","63.5616666666667","64.3466666666667","",
"Kiribati","KIR","Statistical performance indicators (SPI): Overall score (scale 0-100)","IQ.SPI.OVRL","","","","","","","","","","","","","","","","","","","","","","","","","","","","","","","","","","","","","","","","","","","","","","","","","","","","","","","","","22.0595833333333","24.37","24.1175","24.4975","35.1554166666667","42.6791666666667","43.7708333333333","",
"St. Kitts and Nevis","KNA","Statistical performance indicators (SPI): Overall score (scale 0-100)","IQ.SPI.OVRL","","","","","","","","","","","","","","","","","","","","","","","","","","","","","","","","","","","","","","","","","","","","","","","","","","","","","","","","","","","","","34.775","49.2341666666667","50.0025","",
"Korea, Rep.","KOR","Statistical performance indicators (SPI): Overall score (scale 0-100)","IQ.SPI.OVRL","","","","","","","","","","","","","","","","","","","","","","","","","","","","","","","","","","","","","","","","","","","","","","","","","","","","","","","","","76.1670833333333","78.5020833333333","84.8145833333333","88.28375","88.1679166666667","88.1008333333333","87.8425","",
"Kuwait","KWT","Statistical performance indicators (SPI): Overall score (scale 0-100)","IQ.SPI.OVRL","","","","","","","","","","","","","","","","","","","","","","","","","","","","","","","","","","","","","","","","","","","","","","","","","","","","","","","","","50.3733333333333","55.25","60.8941666666667","64.2229166666667","65.0108333333333","70.2254166666667","69.1904166666667","",
"Latin America & Caribbean (excluding high income)","LAC","Statistical performance indicators (SPI): Overall score (scale 0-100)","IQ.SPI.OVRL","","","","","","","","","","","","","","","","","","","","","","","","","","","","","","","","","","","","","","","","","","","","","","","","","","","","","","","","","","","","","","","","",
"Lao PDR","LAO","Statistical performance indicators (SPI): Overall score (scale 0-100)","IQ.SPI.OVRL","","","","","","","","","","","","","","","","","","","","","","","","","","","","","","","","","","","","","","","","","","","","","","","","","","","","","","","","","44.6720833333333","48.3404166666667","48.87875","54.1120833333333","57.0066666666667","59.8470833333334","60.3954166666667","",
"Lebanon","LBN","Statistical performance indicators (SPI): Overall score (scale 0-100)","IQ.SPI.OVRL","","","","","","","","","","","","","","","","","","","","","","","","","","","","","","","","","","","","","","","","","","","","","","","","","","","","","","","","","33.0829166666667","37.9145833333333","45.4429166666667","51.8704166666667","54.72375","59.9133333333333","58.4883333333333","",
"Liberia","LBR","Statistical performance indicators (SPI): Overall score (scale 0-100)","IQ.SPI.OVRL","","","","","","","","","","","","","","","","","","","","","","","","","","","","","","","","","","","","","","","","","","","","","","","","","","","","","","","","","44.60625","47.8408333333333","48.10625","49.4283333333333","59.2558333333333","63.19125","64.8945833333333","",
"Libya","LBY","Statistical performance indicators (SPI): Overall score (scale 0-100)","IQ.SPI.OVRL","","","","","","","","","","","","","","","","","","","","","","","","","","","","","","","","","","","","","","","","","","","","","","","","","","","","","","","","","23.945","23.2308333333333","23.4091666666667","21.4075","22.91125","22.71625","24.36625","",
"St. Lucia","LCA","Statistical performance indicators (SPI): Overall score (scale 0-100)","IQ.SPI.OVRL","","","","","","","","","","","","","","","","","","","","","","","","","","","","","","","","","","","","","","","","","","","","","","","","","","","","","","","","","51.68","47.9929166666667","50.9654166666667","50.8841666666667","60.2470833333333","66.2316666666667","66.0033333333333","",
"Latin America & Caribbean","LCN","Statistical performance indicators (SPI): Overall score (scale 0-100)","IQ.SPI.OVRL","","","","","","","","","","","","","","","","","","","","","","","","","","","","","","","","","","","","","","","","","","","","","","","","","","","","","","","","","","","","","","","","",
"Least developed countries: UN classification","LDC","Statistical performance indicators (SPI): Overall score (scale 0-100)","IQ.SPI.OVRL","","","","","","","","","","","","","","","","","","","","","","","","","","","","","","","","","","","","","","","","","","","","","","","","","","","","","","","","","","","","","","","","",
"Low income","LIC","Statistical performance indicators (SPI): Overall score (scale 0-100)","IQ.SPI.OVRL","","","","","","","","","","","","","","","","","","","","","","","","","","","","","","","","","","","","","","","","","","","","","","","","","","","","","","","","","","","","","","","","",
"Liechtenstein","LIE","Statistical performance indicators (SPI): Overall score (scale 0-100)","IQ.SPI.OVRL","","","","","","","","","","","","","","","","","","","","","","","","","","","","","","","","","","","","","","","","","","","","","","","","","","","","","","","","","","","","","","","","",
"Sri Lanka","LKA","Statistical performance indicators (SPI): Overall score (scale 0-100)","IQ.SPI.OVRL","","","","","","","","","","","","","","","","","","","","","","","","","","","","","","","","","","","","","","","","","","","","","","","","","","","","","","","","","72.2308333333333","73.4354166666667","73.7591666666667","74.0479166666667","75.5191666666667","79.2754166666667","79.0504166666667","",
"Lower middle income","LMC","Statistical performance indicators (SPI): Overall score (scale 0-100)","IQ.SPI.OVRL","","","","","","","","","","","","","","","","","","","","","","","","","","","","","","","","","","","","","","","","","","","","","","","","","","","","","","","","","","","","","","","","",
"Low & middle income","LMY","Statistical performance indicators (SPI): Overall score (scale 0-100)","IQ.SPI.OVRL","","","","","","","","","","","","","","","","","","","","","","","","","","","","","","","","","","","","","","","","","","","","","","","","","","","","","","","","","","","","","","","","",
"Lesotho","LSO","Statistical performance indicators (SPI): Overall score (scale 0-100)","IQ.SPI.OVRL","","","","","","","","","","","","","","","","","","","","","","","","","","","","","","","","","","","","","","","","","","","","","","","","","","","","","","","","","49.03875","54.3770833333333","55.7041666666667","55.2254166666667","53.1229166666667","57.1258333333333","57.4625","",
"Late-demographic dividend","LTE","Statistical performance indicators (SPI): Overall score (scale 0-100)","IQ.SPI.OVRL","","","","","","","","","","","","","","","","","","","","","","","","","","","","","","","","","","","","","","","","","","","","","","","","","","","","","","","","","","","","","","","","",
"Lithuania","LTU","Statistical performance indicators (SPI): Overall score (scale 0-100)","IQ.SPI.OVRL","","","","","","","","","","","","","","","","","","","","","","","","","","","","","","","","","","","","","","","","","","","","","","","","","","","","","","","","","78.5691666666667","78.6508333333333","85.43875","84.93375","86.41625","88.2720833333333","88.12375","",
"Luxembourg","LUX","Statistical performance indicators (SPI): Overall score (scale 0-100)","IQ.SPI.OVRL","","","","","","","","","","","","","","","","","","","","","","","","","","","","","","","","","","","","","","","","","","","","","","","","","","","","","","","","","68.7441666666667","71.0133333333333","78.86375","78.33125","83.905","88.4133333333333","87.8416666666667","",
"Latvia","LVA","Statistical performance indicators (SPI): Overall score (scale 0-100)","IQ.SPI.OVRL","","","","","","","","","","","","","","","","","","","","","","","","","","","","","","","","","","","","","","","","","","","","","","","","","","","","","","","","","83.8820833333333","84.3395833333333","83.9991666666667","83.7191666666667","83.7391666666667","87.14625","88.80625","",
"Macao SAR, China","MAC","Statistical performance indicators (SPI): Overall score (scale 0-100)","IQ.SPI.OVRL","","","","","","","","","","","","","","","","","","","","","","","","","","","","","","","","","","","","","","","","","","","","","","","","","","","","","","","","","","","","","","","","",
"St. Martin (French part)","MAF","Statistical performance indicators (SPI): Overall score (scale 0-100)","IQ.SPI.OVRL","","","","","","","","","","","","","","","","","","","","","","","","","","","","","","","","","","","","","","","","","","","","","","","","","","","","","","","","","","","","","","","","",
"Morocco","MAR","Statistical performance indicators (SPI): Overall score (scale 0-100)","IQ.SPI.OVRL","","","","","","","","","","","","","","","","","","","","","","","","","","","","","","","","","","","","","","","","","","","","","","","","","","","","","","","","","57.685","57.0095833333333","59.8575","59.01625","63.16625","73.29375","72.2604166666667","",
"Monaco","MCO","Statistical performance indicators (SPI): Overall score (scale 0-100)","IQ.SPI.OVRL","","","","","","","","","","","","","","","","","","","","","","","","","","","","","","","","","","","","","","","","","","","","","","","","","","","","","","","","","","","","","","","","",
"Moldova","MDA","Statistical performance indicators (SPI): Overall score (scale 0-100)","IQ.SPI.OVRL","","","","","","","","","","","","","","","","","","","","","","","","","","","","","","","","","","","","","","","","","","","","","","","","","","","","","","","","","71.2125","69.2379166666667","75.62125","79.3225","82.26125","83.3341666666667","82.7691666666667","",
"Madagascar","MDG","Statistical performance indicators (SPI): Overall score (scale 0-100)","IQ.SPI.OVRL","","","","","","","","","","","","","","","","","","","","","","","","","","","","","","","","","","","","","","","","","","","","","","","","","","","","","","","","","39.04875","41.69","50.1875","51.9804166666667","54.0020833333333","54.3808333333333","53.7475","",
"Maldives","MDV","Statistical performance indicators (SPI): Overall score (scale 0-100)","IQ.SPI.OVRL","","","","","","","","","","","","","","","","","","","","","","","","","","","","","","","","","","","","","","","","","","","","","","","","","","","","","","","","","49.5591666666667","49.45","50.735","52.8975","62.8970833333333","62.89875","61.8154166666667","",
"Middle East & North Africa","MEA","Statistical performance indicators (SPI): Overall score (scale 0-100)","IQ.SPI.OVRL","","","","","","","","","","","","","","","","","","","","","","","","","","","","","","","","","","","","","","","","","","","","","","","","","","","","","","","","","","","","","","","","",
"Mexico","MEX","Statistical performance indicators (SPI): Overall score (scale 0-100)","IQ.SPI.OVRL","","","","","","","","","","","","","","","","","","","","","","","","","","","","","","","","","","","","","","","","","","","","","","","","","","","","","","","","","80.3541666666667","88.7208333333333","87.7683333333333","87.5070833333333","87.9970833333333","89.1208333333333","88.5641666666667","",
"Marshall Islands","MHL","Statistical performance indicators (SPI): Overall score (scale 0-100)","IQ.SPI.OVRL","","","","","","","","","","","","","","","","","","","","","","","","","","","","","","","","","","","","","","","","","","","","","","","","","","","","","","","","","13.5125","20.1520833333333","20.9604166666667","20.8604166666667","35.4595833333333","36.3","35.525","",
"Middle income","MIC","Statistical performance indicators (SPI): Overall score (scale 0-100)","IQ.SPI.OVRL","","","","","","","","","","","","","","","","","","","","","","","","","","","","","","","","","","","","","","","","","","","","","","","","","","","","","","","","","","","","","","","","",
"North Macedonia","MKD","Statistical performance indicators (SPI): Overall score (scale 0-100)","IQ.SPI.OVRL","","","","","","","","","","","","","","","","","","","","","","","","","","","","","","","","","","","","","","","","","","","","","","","","","","","","","","","","","61.6070833333333","65.03625","70.14875","72.03875","77.7220833333333","83.185","83.4616666666667","",
"Mali","MLI","Statistical performance indicators (SPI): Overall score (scale 0-100)","IQ.SPI.OVRL","","","","","","","","","","","","","","","","","","","","","","","","","","","","","","","","","","","","","","","","","","","","","","","","","","","","","","","","","48.1845833333333","52.3695833333333","54.5866666666667","51.9279166666667","53.72125","57.2929166666667","59.14125","",
"Malta","MLT","Statistical performance indicators (SPI): Overall score (scale 0-100)","IQ.SPI.OVRL","","","","","","","","","","","","","","","","","","","","","","","","","","","","","","","","","","","","","","","","","","","","","","","","","","","","","","","","","73.2804166666667","73.42625","73.7883333333333","74.6183333333333","78.1625","80.4370833333333","80.2520833333333","",
"Myanmar","MMR","Statistical performance indicators (SPI): Overall score (scale 0-100)","IQ.SPI.OVRL","","","","","","","","","","","","","","","","","","","","","","","","","","","","","","","","","","","","","","","","","","","","","","","","","","","","","","","","","43.42","53.5525","60.9366666666667","63.7629166666667","65.3975","70.1008333333333","71.9575","",
"Middle East & North Africa (excluding high income)","MNA","Statistical performance indicators (SPI): Overall score (scale 0-100)","IQ.SPI.OVRL","","","","","","","","","","","","","","","","","","","","","","","","","","","","","","","","","","","","","","","","","","","","","","","","","","","","","","","","","","","","","","","","",
"Montenegro","MNE","Statistical performance indicators (SPI): Overall score (scale 0-100)","IQ.SPI.OVRL","","","","","","","","","","","","","","","","","","","","","","","","","","","","","","","","","","","","","","","","","","","","","","","","","","","","","","","","","56.9333333333333","59.9554166666667","64.7404166666667","67.0191666666667","73.1520833333333","79.5341666666667","78.0541666666667","",
"Mongolia","MNG","Statistical performance indicators (SPI): Overall score (scale 0-100)","IQ.SPI.OVRL","","","","","","","","","","","","","","","","","","","","","","","","","","","","","","","","","","","","","","","","","","","","","","","","","","","","","","","","","67.8416666666667","73.7720833333333","76.4620833333333","76.2833333333333","81.8545833333333","83.825","84.045","",
"Northern Mariana Islands","MNP","Statistical performance indicators (SPI): Overall score (scale 0-100)","IQ.SPI.OVRL","","","","","","","","","","","","","","","","","","","","","","","","","","","","","","","","","","","","","","","","","","","","","","","","","","","","","","","","","","","","","","","","",
"Mozambique","MOZ","Statistical performance indicators (SPI): Overall score (scale 0-100)","IQ.SPI.OVRL","","","","","","","","","","","","","","","","","","","","","","","","","","","","","","","","","","","","","","","","","","","","","","","","","","","","","","","","","50.0054166666667","55.3908333333333","54.7745833333333","56.2404166666667","55.2083333333333","57.1170833333333","58.6904166666667","",
"Mauritania","MRT","Statistical performance indicators (SPI): Overall score (scale 0-100)","IQ.SPI.OVRL","","","","","","","","","","","","","","","","","","","","","","","","","","","","","","","","","","","","","","","","","","","","","","","","","","","","","","","","","36.8541666666667","40.7845833333333","46.61875","48.06875","49.5179166666667","56.9741666666667","58.8591666666667","",
"Mauritius","MUS","Statistical performance indicators (SPI): Overall score (scale 0-100)","IQ.SPI.OVRL","","","","","","","","","","","","","","","","","","","","","","","","","","","","","","","","","","","","","","","","","","","","","","","","","","","","","","","","","75.3975","76.3091666666667","77.30125","75.91375","75.0858333333333","74.4858333333333","77.3091666666667","",
"Malawi","MWI","Statistical performance indicators (SPI): Overall score (scale 0-100)","IQ.SPI.OVRL","","","","","","","","","","","","","","","","","","","","","","","","","","","","","","","","","","","","","","","","","","","","","","","","","","","","","","","","","53.7991666666667","55.7883333333333","53.9979166666667","56.6404166666667","58.3545833333333","65.1258333333333","64.8141666666667","",
"Malaysia","MYS","Statistical performance indicators (SPI): Overall score (scale 0-100)","IQ.SPI.OVRL","","","","","","","","","","","","","","","","","","","","","","","","","","","","","","","","","","","","","","","","","","","","","","","","","","","","","","","","","61.84375","64.6958333333333","72.6141666666667","71.0504166666667","72.9370833333333","75.5895833333333","76.62125","",
"North America","NAC","Statistical performance indicators (SPI): Overall score (scale 0-100)","IQ.SPI.OVRL","","","","","","","","","","","","","","","","","","","","","","","","","","","","","","","","","","","","","","","","","","","","","","","","","","","","","","","","","","","","","","","","",
"Namibia","NAM","Statistical performance indicators (SPI): Overall score (scale 0-100)","IQ.SPI.OVRL","","","","","","","","","","","","","","","","","","","","","","","","","","","","","","","","","","","","","","","","","","","","","","","","","","","","","","","","","49.5370833333333","52.6058333333333","52.1816666666667","52.2141666666667","53.6383333333333","58.2658333333333","55.7708333333333","",
"New Caledonia","NCL","Statistical performance indicators (SPI): Overall score (scale 0-100)","IQ.SPI.OVRL","","","","","","","","","","","","","","","","","","","","","","","","","","","","","","","","","","","","","","","","","","","","","","","","","","","","","","","","","","","","","","","","",
"Niger","NER","Statistical performance indicators (SPI): Overall score (scale 0-100)","IQ.SPI.OVRL","","","","","","","","","","","","","","","","","","","","","","","","","","","","","","","","","","","","","","","","","","","","","","","","","","","","","","","","","53.6279166666667","56.2545833333333","56.5458333333333","57.0158333333333","56.4579166666667","65.0579166666667","65.2695833333333","",
"Nigeria","NGA","Statistical performance indicators (SPI): Overall score (scale 0-100)","IQ.SPI.OVRL","","","","","","","","","","","","","","","","","","","","","","","","","","","","","","","","","","","","","","","","","","","","","","","","","","","","","","","","","51.7870833333333","49.2054166666667","49.73375","53.5754166666667","56.6241666666667","59.3745833333333","58.6095833333333","",
"Nicaragua","NIC","Statistical performance indicators (SPI): Overall score (scale 0-100)","IQ.SPI.OVRL","","","","","","","","","","","","","","","","","","","","","","","","","","","","","","","","","","","","","","","","","","","","","","","","","","","","","","","","","45.18125","45.6275","49.5241666666667","51.6579166666667","52.33125","53.2579166666667","52.7279166666667","",
"Netherlands","NLD","Statistical performance indicators (SPI): Overall score (scale 0-100)","IQ.SPI.OVRL","","","","","","","","","","","","","","","","","","","","","","","","","","","","","","","","","","","","","","","","","","","","","","","","","","","","","","","","","78.1441666666667","80.21625","88.2195833333333","88.2658333333333","88.5870833333333","92.8654166666667","92.8254166666667","",
"Norway","NOR","Statistical performance indicators (SPI): Overall score (scale 0-100)","IQ.SPI.OVRL","","","","","","","","","","","","","","","","","","","","","","","","","","","","","","","","","","","","","","","","","","","","","","","","","","","","","","","","","78.8220833333333","82.61625","90.1625","90.09375","90.4683333333333","92.9291666666667","93.4958333333333","",
"Nepal","NPL","Statistical performance indicators (SPI): Overall score (scale 0-100)","IQ.SPI.OVRL","","","","","","","","","","","","","","","","","","","","","","","","","","","","","","","","","","","","","","","","","","","","","","","","","","","","","","","","","49.5683333333333","55.3966666666667","54.3858333333333","54.0558333333333","57.31","65.00125","61.9845833333333","",
"Nauru","NRU","Statistical performance indicators (SPI): Overall score (scale 0-100)","IQ.SPI.OVRL","","","","","","","","","","","","","","","","","","","","","","","","","","","","","","","","","","","","","","","","","","","","","","","","","","","","","","","","","","","","","","","32.6070833333333","",
"New Zealand","NZL","Statistical performance indicators (SPI): Overall score (scale 0-100)","IQ.SPI.OVRL","","","","","","","","","","","","","","","","","","","","","","","","","","","","","","","","","","","","","","","","","","","","","","","","","","","","","","","","","78.9629166666667","83.5525","83.5","85.50375","83.34125","89.2979166666667","88.7429166666667","",
"OECD members","OED","Statistical performance indicators (SPI): Overall score (scale 0-100)","IQ.SPI.OVRL","","","","","","","","","","","","","","","","","","","","","","","","","","","","","","","","","","","","","","","","","","","","","","","","","","","","","","","","","","","","","","","","",
"Oman","OMN","Statistical performance indicators (SPI): Overall score (scale 0-100)","IQ.SPI.OVRL","","","","","","","","","","","","","","","","","","","","","","","","","","","","","","","","","","","","","","","","","","","","","","","","","","","","","","","","","48.91","56.6208333333333","57.60125","58.53625","63.1679166666667","64.5679166666667","66.13125","",
"Other small states","OSS","Statistical performance indicators (SPI): Overall score (scale 0-100)","IQ.SPI.OVRL","","","","","","","","","","","","","","","","","","","","","","","","","","","","","","","","","","","","","","","","","","","","","","","","","","","","","","","","","","","","","","","","",
"Pakistan","PAK","Statistical performance indicators (SPI): Overall score (scale 0-100)","IQ.SPI.OVRL","","","","","","","","","","","","","","","","","","","","","","","","","","","","","","","","","","","","","","","","","","","","","","","","","","","","","","","","","56.2533333333333","58.325","61.0445833333333","60.6754166666667","63.41375","70.01","71.1333333333333","",
"Panama","PAN","Statistical performance indicators (SPI): Overall score (scale 0-100)","IQ.SPI.OVRL","","","","","","","","","","","","","","","","","","","","","","","","","","","","","","","","","","","","","","","","","","","","","","","","","","","","","","","","","49.9341666666667","52.6179166666667","57.9083333333333","59.5845833333333","65.2954166666667","67.6283333333333","70.4866666666667","",
"Peru","PER","Statistical performance indicators (SPI): Overall score (scale 0-100)","IQ.SPI.OVRL","","","","","","","","","","","","","","","","","","","","","","","","","","","","","","","","","","","","","","","","","","","","","","","","","","","","","","","","","64.2304166666667","67.455","69.10625","68.84625","69.0795833333333","72.9666666666667","73.2716666666667","",
"Philippines","PHL","Statistical performance indicators (SPI): Overall score (scale 0-100)","IQ.SPI.OVRL","","","","","","","","","","","","","","","","","","","","","","","","","","","","","","","","","","","","","","","","","","","","","","","","","","","","","","","","","73.24375","74.4920833333333","75.8795833333333","75.7233333333333","79.4820833333333","83.7495833333333","83.3779166666667","",
"Palau","PLW","Statistical performance indicators (SPI): Overall score (scale 0-100)","IQ.SPI.OVRL","","","","","","","","","","","","","","","","","","","","","","","","","","","","","","","","","","","","","","","","","","","","","","","","","","","","","","","","","","","","","51.96375","51.74625","48.32125","",
"Papua New Guinea","PNG","Statistical performance indicators (SPI): Overall score (scale 0-100)","IQ.SPI.OVRL","","","","","","","","","","","","","","","","","","","","","","","","","","","","","","","","","","","","","","","","","","","","","","","","","","","","","","","","","27.3054166666667","33.065","40.925","40.84625","44.7820833333333","45.8170833333333","45.9820833333333","",
"Poland","POL","Statistical performance indicators (SPI): Overall score (scale 0-100)","IQ.SPI.OVRL","","","","","","","","","","","","","","","","","","","","","","","","","","","","","","","","","","","","","","","","","","","","","","","","","","","","","","","","","81.7195833333333","82.5841666666667","88.5595833333333","89.0708333333333","89.2404166666667","91.0925","91.5725","",
"Pre-demographic dividend","PRE","Statistical performance indicators (SPI): Overall score (scale 0-100)","IQ.SPI.OVRL","","","","","","","","","","","","","","","","","","","","","","","","","","","","","","","","","","","","","","","","","","","","","","","","","","","","","","","","","","","","","","","","",
"Puerto Rico","PRI","Statistical performance indicators (SPI): Overall score (scale 0-100)","IQ.SPI.OVRL","","","","","","","","","","","","","","","","","","","","","","","","","","","","","","","","","","","","","","","","","","","","","","","","","","","","","","","","","","","","","","","","",
"Korea, Dem. People's Rep.","PRK","Statistical performance indicators (SPI): Overall score (scale 0-100)","IQ.SPI.OVRL","","","","","","","","","","","","","","","","","","","","","","","","","","","","","","","","","","","","","","","","","","","","","","","","","","","","","","","","","","","","","","","","",
"Portugal","PRT","Statistical performance indicators (SPI): Overall score (scale 0-100)","IQ.SPI.OVRL","","","","","","","","","","","","","","","","","","","","","","","","","","","","","","","","","","","","","","","","","","","","","","","","","","","","","","","","","85.675","86.14375","86.2891666666667","86.2491666666667","85.64625","88.7354166666667","89.31375","",
"Paraguay","PRY","Statistical performance indicators (SPI): Overall score (scale 0-100)","IQ.SPI.OVRL","","","","","","","","","","","","","","","","","","","","","","","","","","","","","","","","","","","","","","","","","","","","","","","","","","","","","","","","","54.3570833333333","57.0808333333333","58.9720833333333","61.05625","64.84375","74.37875","75.83375","",
"West Bank and Gaza","PSE","Statistical performance indicators (SPI): Overall score (scale 0-100)","IQ.SPI.OVRL","","","","","","","","","","","","","","","","","","","","","","","","","","","","","","","","","","","","","","","","","","","","","","","","","","","","","","","","","","60.8383333333333","70.20125","70.4295833333333","76.85875","83.6991666666667","83.3675","",
"Pacific island small states","PSS","Statistical performance indicators (SPI): Overall score (scale 0-100)","IQ.SPI.OVRL","","","","","","","","","","","","","","","","","","","","","","","","","","","","","","","","","","","","","","","","","","","","","","","","","","","","","","","","","","","","","","","","",
"Post-demographic dividend","PST","Statistical performance indicators (SPI): Overall score (scale 0-100)","IQ.SPI.OVRL","","","","","","","","","","","","","","","","","","","","","","","","","","","","","","","","","","","","","","","","","","","","","","","","","","","","","","","","","","","","","","","","",
"French Polynesia","PYF","Statistical performance indicators (SPI): Overall score (scale 0-100)","IQ.SPI.OVRL","","","","","","","","","","","","","","","","","","","","","","","","","","","","","","","","","","","","","","","","","","","","","","","","","","","","","","","","","","","","","","","","",
"Qatar","QAT","Statistical performance indicators (SPI): Overall score (scale 0-100)","IQ.SPI.OVRL","","","","","","","","","","","","","","","","","","","","","","","","","","","","","","","","","","","","","","","","","","","","","","","","","","","","","","","","","49.6495833333333","52.2066666666667","52.36125","63.0116666666667","60.75625","70.92625","70.6495833333333","",
"Romania","ROU","Statistical performance indicators (SPI): Overall score (scale 0-100)","IQ.SPI.OVRL","","","","","","","","","","","","","","","","","","","","","","","","","","","","","","","","","","","","","","","","","","","","","","","","","","","","","","","","","","70.455","76.4991666666667","77.5079166666667","84.4579166666667","79.74125","84.3229166666667","",
"Russian Federation","RUS","Statistical performance indicators (SPI): Overall score (scale 0-100)","IQ.SPI.OVRL","","","","","","","","","","","","","","","","","","","","","","","","","","","","","","","","","","","","","","","","","","","","","","","","","","","","","","","","","71.5908333333333","73.5329166666667","75.7133333333333","78.1904166666667","80.195","83.5004166666667","84.0704166666667","",
"Rwanda","RWA","Statistical performance indicators (SPI): Overall score (scale 0-100)","IQ.SPI.OVRL","","","","","","","","","","","","","","","","","","","","","","","","","","","","","","","","","","","","","","","","","","","","","","","","","","","","","","","","","60.1229166666667","67.4016666666667","66.70625","67.2920833333333","70.2395833333333","71.3595833333333","70.5795833333333","",
"South Asia","SAS","Statistical performance indicators (SPI): Overall score (scale 0-100)","IQ.SPI.OVRL","","","","","","","","","","","","","","","","","","","","","","","","","","","","","","","","","","","","","","","","","","","","","","","","","","","","","","","","","","","","","","","","",
"Saudi Arabia","SAU","Statistical performance indicators (SPI): Overall score (scale 0-100)","IQ.SPI.OVRL","","","","","","","","","","","","","","","","","","","","","","","","","","","","","","","","","","","","","","","","","","","","","","","","","","","","","","","","","46.3654166666667","50.8933333333333","59.1216666666667","63.3854166666667","70.9970833333333","78.6325","80.7658333333333","",
"Sudan","SDN","Statistical performance indicators (SPI): Overall score (scale 0-100)","IQ.SPI.OVRL","","","","","","","","","","","","","","","","","","","","","","","","","","","","","","","","","","","","","","","","","","","","","","","","","","","","","","","","","35.5370833333333","35.9854166666667","44.085","39.16125","41.5058333333333","43.57875","43.57875","",
"Senegal","SEN","Statistical performance indicators (SPI): Overall score (scale 0-100)","IQ.SPI.OVRL","","","","","","","","","","","","","","","","","","","","","","","","","","","","","","","","","","","","","","","","","","","","","","","","","","","","","","","","","53.0725","58.3825","61.50375","63.57375","68.2858333333333","72.4595833333333","72.20625","",
"Singapore","SGP","Statistical performance indicators (SPI): Overall score (scale 0-100)","IQ.SPI.OVRL","","","","","","","","","","","","","","","","","","","","","","","","","","","","","","","","","","","","","","","","","","","","","","","","","","","","","","","","","62.8020833333333","65.2475","74.2616666666667","75.0991666666667","81.20375","85.7345833333333","86.5579166666667","",
"Solomon Islands","SLB","Statistical performance indicators (SPI): Overall score (scale 0-100)","IQ.SPI.OVRL","","","","","","","","","","","","","","","","","","","","","","","","","","","","","","","","","","","","","","","","","","","","","","","","","","","","","","","","","33.3733333333333","36.93625","42.7733333333333","41.6645833333333","41.3116666666667","48.0141666666667","48.1975","",
"Sierra Leone","SLE","Statistical performance indicators (SPI): Overall score (scale 0-100)","IQ.SPI.OVRL","","","","","","","","","","","","","","","","","","","","","","","","","","","","","","","","","","","","","","","","","","","","","","","","","","","","","","","","","45.0945833333333","49.4916666666667","53.9183333333333","53.4833333333333","54.015","58.50625","59.1995833333334","",
"El Salvador","SLV","Statistical performance indicators (SPI): Overall score (scale 0-100)","IQ.SPI.OVRL","","","","","","","","","","","","","","","","","","","","","","","","","","","","","","","","","","","","","","","","","","","","","","","","","","","","","","","","","66.0395833333334","67.1208333333333","68.1083333333333","68.8033333333333","68.4170833333333","73.7575","73.7608333333333","",
"San Marino","SMR","Statistical performance indicators (SPI): Overall score (scale 0-100)","IQ.SPI.OVRL","","","","","","","","","","","","","","","","","","","","","","","","","","","","","","","","","","","","","","","","","","","","","","","","","","","","","","","","","","","","","","","","",
"Somalia","SOM","Statistical performance indicators (SPI): Overall score (scale 0-100)","IQ.SPI.OVRL","","","","","","","","","","","","","","","","","","","","","","","","","","","","","","","","","","","","","","","","","","","","","","","","","","","","","","","","","","11.7695833333333","19.6791666666667","19.6179166666667","30.3308333333333","45.6083333333333","48.3833333333333","",
"Serbia","SRB","Statistical performance indicators (SPI): Overall score (scale 0-100)","IQ.SPI.OVRL","","","","","","","","","","","","","","","","","","","","","","","","","","","","","","","","","","","","","","","","","","","","","","","","","","","","","","","","","69.1041666666667","73.7370833333333","75.2854166666667","75.7929166666667","81.1920833333333","81.8175","80.8358333333333","",
"Sub-Saharan Africa (excluding high income)","SSA","Statistical performance indicators (SPI): Overall score (scale 0-100)","IQ.SPI.OVRL","","","","","","","","","","","","","","","","","","","","","","","","","","","","","","","","","","","","","","","","","","","","","","","","","","","","","","","","","","","","","","","","",
"South Sudan","SSD","Statistical performance indicators (SPI): Overall score (scale 0-100)","IQ.SPI.OVRL","","","","","","","","","","","","","","","","","","","","","","","","","","","","","","","","","","","","","","","","","","","","","","","","","","","","","","","","","30.105","23.2808333333333","24.6958333333333","30.4891666666667","29.5145833333333","36.1920833333333","33.8304166666667","",
"Sub-Saharan Africa","SSF","Statistical performance indicators (SPI): Overall score (scale 0-100)","IQ.SPI.OVRL","","","","","","","","","","","","","","","","","","","","","","","","","","","","","","","","","","","","","","","","","","","","","","","","","","","","","","","","","","","","","","","","",
"Small states","SST","Statistical performance indicators (SPI): Overall score (scale 0-100)","IQ.SPI.OVRL","","","","","","","","","","","","","","","","","","","","","","","","","","","","","","","","","","","","","","","","","","","","","","","","","","","","","","","","","","","","","","","","",
"Sao Tome and Principe","STP","Statistical performance indicators (SPI): Overall score (scale 0-100)","IQ.SPI.OVRL","","","","","","","","","","","","","","","","","","","","","","","","","","","","","","","","","","","","","","","","","","","","","","","","","","","","","","","","","46.1816666666667","49.4116666666667","49.7116666666667","39.8708333333333","52.41375","54.6125","54.8291666666667","",
"Suriname","SUR","Statistical performance indicators (SPI): Overall score (scale 0-100)","IQ.SPI.OVRL","","","","","","","","","","","","","","","","","","","","","","","","","","","","","","","","","","","","","","","","","","","","","","","","","","","","","","","","","35.84625","41.79625","52.71","50.8029166666667","57.1933333333333","61.6158333333333","61.5175","",
"Slovak Republic","SVK","Statistical performance indicators (SPI): Overall score (scale 0-100)","IQ.SPI.OVRL","","","","","","","","","","","","","","","","","","","","","","","","","","","","","","","","","","","","","","","","","","","","","","","","","","","","","","","","","82.2020833333333","85.67","85.71625","85.595","85.9304166666667","89.69","89.14","",
"Slovenia","SVN","Statistical performance indicators (SPI): Overall score (scale 0-100)","IQ.SPI.OVRL","","","","","","","","","","","","","","","","","","","","","","","","","","","","","","","","","","","","","","","","","","","","","","","","","","","","","","","","","86.86625","88.3079166666667","89.01","88.93125","89.1170833333333","92.2366666666667","92.5333333333333","",
"Sweden","SWE","Statistical performance indicators (SPI): Overall score (scale 0-100)","IQ.SPI.OVRL","","","","","","","","","","","","","","","","","","","","","","","","","","","","","","","","","","","","","","","","","","","","","","","","","","","","","","","","","88.0295833333333","88.67125","88.7216666666667","88.5241666666667","89.58875","92.6095833333333","92.2279166666667","",
"Eswatini","SWZ","Statistical performance indicators (SPI): Overall score (scale 0-100)","IQ.SPI.OVRL","","","","","","","","","","","","","","","","","","","","","","","","","","","","","","","","","","","","","","","","","","","","","","","","","","","","","","","","","42.5379166666667","45.6904166666667","53.7154166666667","47.1870833333333","49.8808333333333","54.7920833333333","51.6654166666667","",
"Sint Maarten (Dutch part)","SXM","Statistical performance indicators (SPI): Overall score (scale 0-100)","IQ.SPI.OVRL","","","","","","","","","","","","","","","","","","","","","","","","","","","","","","","","","","","","","","","","","","","","","","","","","","","","","","","","","","","","","","","","",
"Seychelles","SYC","Statistical performance indicators (SPI): Overall score (scale 0-100)","IQ.SPI.OVRL","","","","","","","","","","","","","","","","","","","","","","","","","","","","","","","","","","","","","","","","","","","","","","","","","","","","","","","","","","48.2683333333333","48.3004166666667","48.6341666666667","59.5116666666667","64.2858333333333","65.9841666666667","",
"Syrian Arab Republic","SYR","Statistical performance indicators (SPI): Overall score (scale 0-100)","IQ.SPI.OVRL","","","","","","","","","","","","","","","","","","","","","","","","","","","","","","","","","","","","","","","","","","","","","","","","","","","","","","","","","","21.7779166666667","25.98875","26.45375","25.4408333333333","31.4070833333333","31.9204166666667","",
"Turks and Caicos Islands","TCA","Statistical performance indicators (SPI): Overall score (scale 0-100)","IQ.SPI.OVRL","","","","","","","","","","","","","","","","","","","","","","","","","","","","","","","","","","","","","","","","","","","","","","","","","","","","","","","","","","","","","","","","",
"Chad","TCD","Statistical performance indicators (SPI): Overall score (scale 0-100)","IQ.SPI.OVRL","","","","","","","","","","","","","","","","","","","","","","","","","","","","","","","","","","","","","","","","","","","","","","","","","","","","","","","","","28.5029166666667","31.7166666666667","31.5866666666667","38.5533333333333","44.50375","50.17875","49.2470833333333","",
"East Asia & Pacific (IDA & IBRD countries)","TEA","Statistical performance indicators (SPI): Overall score (scale 0-100)","IQ.SPI.OVRL","","","","","","","","","","","","","","","","","","","","","","","","","","","","","","","","","","","","","","","","","","","","","","","","","","","","","","","","","","","","","","","","",
"Europe & Central Asia (IDA & IBRD countries)","TEC","Statistical performance indicators (SPI): Overall score (scale 0-100)","IQ.SPI.OVRL","","","","","","","","","","","","","","","","","","","","","","","","","","","","","","","","","","","","","","","","","","","","","","","","","","","","","","","","","","","","","","","","",
"Togo","TGO","Statistical performance indicators (SPI): Overall score (scale 0-100)","IQ.SPI.OVRL","","","","","","","","","","","","","","","","","","","","","","","","","","","","","","","","","","","","","","","","","","","","","","","","","","","","","","","","","51.7083333333333","57.78","60.5991666666667","60.8804166666667","62.40875","67.4366666666667","66.6816666666667","",
"Thailand","THA","Statistical performance indicators (SPI): Overall score (scale 0-100)","IQ.SPI.OVRL","","","","","","","","","","","","","","","","","","","","","","","","","","","","","","","","","","","","","","","","","","","","","","","","","","","","","","","","","77.3520833333333","75.9104166666667","76.3533333333333","76.1108333333333","79.2675","80.1741666666667","82.5141666666667","",
"Tajikistan","TJK","Statistical performance indicators (SPI): Overall score (scale 0-100)","IQ.SPI.OVRL","","","","","","","","","","","","","","","","","","","","","","","","","","","","","","","","","","","","","","","","","","","","","","","","","","","","","","","","","50.2195833333333","54.9491666666667","55.5166666666667","55.7604166666667","56.8754166666667","55.3720833333333","53.4270833333333","",
"Turkmenistan","TKM","Statistical performance indicators (SPI): Overall score (scale 0-100)","IQ.SPI.OVRL","","","","","","","","","","","","","","","","","","","","","","","","","","","","","","","","","","","","","","","","","","","","","","","","","","","","","","","","","19.4933333333333","22.555","20.9870833333333","23.4708333333333","27.17125","28.675","31.355","",
"Latin America & the Caribbean (IDA & IBRD countries)","TLA","Statistical performance indicators (SPI): Overall score (scale 0-100)","IQ.SPI.OVRL","","","","","","","","","","","","","","","","","","","","","","","","","","","","","","","","","","","","","","","","","","","","","","","","","","","","","","","","","","","","","","","","",
"Timor-Leste","TLS","Statistical performance indicators (SPI): Overall score (scale 0-100)","IQ.SPI.OVRL","","","","","","","","","","","","","","","","","","","","","","","","","","","","","","","","","","","","","","","","","","","","","","","","","","","","","","","","","","44.83875","51.2783333333333","51.0420833333333","50.9345833333333","55.9970833333333","59.8604166666667","",
"Middle East & North Africa (IDA & IBRD countries)","TMN","Statistical performance indicators (SPI): Overall score (scale 0-100)","IQ.SPI.OVRL","","","","","","","","","","","","","","","","","","","","","","","","","","","","","","","","","","","","","","","","","","","","","","","","","","","","","","","","","","","","","","","","",
"Tonga","TON","Statistical performance indicators (SPI): Overall score (scale 0-100)","IQ.SPI.OVRL","","","","","","","","","","","","","","","","","","","","","","","","","","","","","","","","","","","","","","","","","","","","","","","","","","","","","","","","","","","","","56.1308333333333","61.67375","59.89375","",
"South Asia (IDA & IBRD)","TSA","Statistical performance indicators (SPI): Overall score (scale 0-100)","IQ.SPI.OVRL","","","","","","","","","","","","","","","","","","","","","","","","","","","","","","","","","","","","","","","","","","","","","","","","","","","","","","","","","","","","","","","","",
"Sub-Saharan Africa (IDA & IBRD countries)","TSS","Statistical performance indicators (SPI): Overall score (scale 0-100)","IQ.SPI.OVRL","","","","","","","","","","","","","","","","","","","","","","","","","","","","","","","","","","","","","","","","","","","","","","","","","","","","","","","","","","","","","","","","",
"Trinidad and Tobago","TTO","Statistical performance indicators (SPI): Overall score (scale 0-100)","IQ.SPI.OVRL","","","","","","","","","","","","","","","","","","","","","","","","","","","","","","","","","","","","","","","","","","","","","","","","","","","","","","","","","36.42375","40.9975","48.5179166666667","42.05","45.7029166666667","56.6108333333333","55.4458333333333","",
"Tunisia","TUN","Statistical performance indicators (SPI): Overall score (scale 0-100)","IQ.SPI.OVRL","","","","","","","","","","","","","","","","","","","","","","","","","","","","","","","","","","","","","","","","","","","","","","","","","","","","","","","","","61.5741666666667","59.4879166666667","63.885","64.0675","65.93625","73.8966666666667","75.1266666666667","",
"Turkiye","TUR","Statistical performance indicators (SPI): Overall score (scale 0-100)","IQ.SPI.OVRL","","","","","","","","","","","","","","","","","","","","","","","","","","","","","","","","","","","","","","","","","","","","","","","","","","","","","","","","","80.47875","85.03625","85.8233333333333","84.6379166666667","85.3125","87.5825","87.7141666666667","",
"Tuvalu","TUV","Statistical performance indicators (SPI): Overall score (scale 0-100)","IQ.SPI.OVRL","","","","","","","","","","","","","","","","","","","","","","","","","","","","","","","","","","","","","","","","","","","","","","","","","","","","","","","","","","","","","","","38.1391666666667","",
"Tanzania","TZA","Statistical performance indicators (SPI): Overall score (scale 0-100)","IQ.SPI.OVRL","","","","","","","","","","","","","","","","","","","","","","","","","","","","","","","","","","","","","","","","","","","","","","","","","","","","","","","","","61.5758333333333","64.8170833333333","58.02125","58.07125","62.3641666666667","63.4591666666667","67.3341666666667","",
"Uganda","UGA","Statistical performance indicators (SPI): Overall score (scale 0-100)","IQ.SPI.OVRL","","","","","","","","","","","","","","","","","","","","","","","","","","","","","","","","","","","","","","","","","","","","","","","","","","","","","","","","","65.27125","69.1266666666667","68.0116666666667","67.5708333333333","66.86875","70.8233333333333","70.7416666666667","",
"Ukraine","UKR","Statistical performance indicators (SPI): Overall score (scale 0-100)","IQ.SPI.OVRL","","","","","","","","","","","","","","","","","","","","","","","","","","","","","","","","","","","","","","","","","","","","","","","","","","","","","","","","","67.3445833333333","68.2529166666667","69.5679166666667","72.4841666666667","76.8458333333333","80.3891666666667","78.8691666666667","",
"Upper middle income","UMC","Statistical performance indicators (SPI): Overall score (scale 0-100)","IQ.SPI.OVRL","","","","","","","","","","","","","","","","","","","","","","","","","","","","","","","","","","","","","","","","","","","","","","","","","","","","","","","","","","","","","","","","",
"Uruguay","URY","Statistical performance indicators (SPI): Overall score (scale 0-100)","IQ.SPI.OVRL","","","","","","","","","","","","","","","","","","","","","","","","","","","","","","","","","","","","","","","","","","","","","","","","","","","","","","","","","66.1991666666667","69.0041666666667","68.4675","66.8254166666667","70.6458333333333","79.2733333333333","77.7483333333333","",
"United States","USA","Statistical performance indicators (SPI): Overall score (scale 0-100)","IQ.SPI.OVRL","","","","","","","","","","","","","","","","","","","","","","","","","","","","","","","","","","","","","","","","","","","","","","","","","","","","","","","","","89.6366666666667","87.1091666666667","88.91625","88.92375","89.565","92.75","92.79","",
"Uzbekistan","UZB","Statistical performance indicators (SPI): Overall score (scale 0-100)","IQ.SPI.OVRL","","","","","","","","","","","","","","","","","","","","","","","","","","","","","","","","","","","","","","","","","","","","","","","","","","","","","","","","","38.73125","44.625","51.2129166666667","54.91","65.4633333333333","70.3883333333333","70.5716666666667","",
"St. Vincent and the Grenadines","VCT","Statistical performance indicators (SPI): Overall score (scale 0-100)","IQ.SPI.OVRL","","","","","","","","","","","","","","","","","","","","","","","","","","","","","","","","","","","","","","","","","","","","","","","","","","","","","","","","","35.5154166666667","37.9179166666667","44.7375","43.93125","52.83625","54.53625","55.2895833333333","",
"Venezuela, RB","VEN","Statistical performance indicators (SPI): Overall score (scale 0-100)","IQ.SPI.OVRL","","","","","","","","","","","","","","","","","","","","","","","","","","","","","","","","","","","","","","","","","","","","","","","","","","","","","","","","","45.19","48.1679166666667","45.0383333333333","43.865","47.61625","49.57","52.25","",
"British Virgin Islands","VGB","Statistical performance indicators (SPI): Overall score (scale 0-100)","IQ.SPI.OVRL","","","","","","","","","","","","","","","","","","","","","","","","","","","","","","","","","","","","","","","","","","","","","","","","","","","","","","","","","","","","","","","","",
"Virgin Islands (U.S.)","VIR","Statistical performance indicators (SPI): Overall score (scale 0-100)","IQ.SPI.OVRL","","","","","","","","","","","","","","","","","","","","","","","","","","","","","","","","","","","","","","","","","","","","","","","","","","","","","","","","","","","","","","","","",
"Viet Nam","VNM","Statistical performance indicators (SPI): Overall score (scale 0-100)","IQ.SPI.OVRL","","","","","","","","","","","","","","","","","","","","","","","","","","","","","","","","","","","","","","","","","","","","","","","","","","","","","","","","","60.3783333333333","64.455","66.625","65.95875","68.4970833333333","72.1033333333333","72.1666666666667","",
"Vanuatu","VUT","Statistical performance indicators (SPI): Overall score (scale 0-100)","IQ.SPI.OVRL","","","","","","","","","","","","","","","","","","","","","","","","","","","","","","","","","","","","","","","","","","","","","","","","","","","","","","","","","37.8116666666667","40.5075","39.5091666666667","40.6916666666667","41.9579166666667","50.6383333333333","51.22","",
"World","WLD","Statistical performance indicators (SPI): Overall score (scale 0-100)","IQ.SPI.OVRL","","","","","","","","","","","","","","","","","","","","","","","","","","","","","","","","","","","","","","","","","","","","","","","","","","","","","","","","","","","","","","","","",
"Samoa","WSM","Statistical performance indicators (SPI): Overall score (scale 0-100)","IQ.SPI.OVRL","","","","","","","","","","","","","","","","","","","","","","","","","","","","","","","","","","","","","","","","","","","","","","","","","","","","","","","","","52.8358333333333","58.2454166666667","58.5670833333333","57.0470833333333","58.9291666666667","61.5904166666667","62.44875","",
"Kosovo","XKX","Statistical performance indicators (SPI): Overall score (scale 0-100)","IQ.SPI.OVRL","","","","","","","","","","","","","","","","","","","","","","","","","","","","","","","","","","","","","","","","","","","","","","","","","","","","","","","","","","","","","","","","",
"Yemen, Rep.","YEM","Statistical performance indicators (SPI): Overall score (scale 0-100)","IQ.SPI.OVRL","","","","","","","","","","","","","","","","","","","","","","","","","","","","","","","","","","","","","","","","","","","","","","","","","","","","","","","","","38.2654166666667","42.44125","38.9","36.77125","35.5833333333333","32.8220833333333","33.2370833333333","",
"South Africa","ZAF","Statistical performance indicators (SPI): Overall score (scale 0-100)","IQ.SPI.OVRL","","","","","","","","","","","","","","","","","","","","","","","","","","","","","","","","","","","","","","","","","","","","","","","","","","","","","","","","","76.1520833333333","75.9354166666667","75.41625","73.475","77.3341666666667","80.8795833333333","82.38125","",
"Zambia","ZMB","Statistical performance indicators (SPI): Overall score (scale 0-100)","IQ.SPI.OVRL","","","","","","","","","","","","","","","","","","","","","","","","","","","","","","","","","","","","","","","","","","","","","","","","","","","","","","","","","54.4141666666667","58.7770833333333","59.5091666666667","59.0141666666667","60.995","62.9679166666667","62.10625","",
"Zimbabwe","ZWE","Statistical performance indicators (SPI): Overall score (scale 0-100)","IQ.SPI.OVRL","","","","","","","","","","","","","","","","","","","","","","","","","","","","","","","","","","","","","","","","","","","","","","","","","","","","","","","","","42.6445833333333","50.3358333333333","59.51","61.6525","64.9741666666667","71.1341666666667","70.2125","",
